route,route_class,audience,primary_intent,page_promise,baseline_cta,baseline_destination,baseline_global_endcaps,implemented_cta,implemented_destination,action_owner,disposition,analytics,change_reason,recommendation
"/","homepage","everyone","Healthcare Money Explained Clearly","RN-led guides and calculators for medical bills, insurance, Medicare, Medicaid, workplace benefits, retirement, and healthcare-worker pay.","Route-specific page action","Route-specific destination","0","Route-specific page action","Route-specific destination","none","already_compliant","existing contract retained","none","Retain and regression-test the existing outcome language."
"/about","trust_reference","everyone","About Community Acquired Finance","Learn why Andrew Ciccarelli, BSN, RN created an RN-led financial literacy resource for healthcare workers, patients, families, and caregivers.","Reference navigation only","Related trust or site navigation","0","No primary conversion CTA appropriate","None","none","no_primary_cta_appropriate","existing contract retained","none","Keep trust and legal pages free of conversion pressure."
"/accessibility","hub_or_guide","everyone","Accessibility Statement","Read the Community Acquired Finance accessibility statement and contact information for reporting barriers.","Route-specific page action","Route-specific destination","0","Route-specific page action","Route-specific destination","none","already_compliant","existing contract retained","none","Retain and regression-test the existing outcome language."
"/articles","hub_or_guide","everyone","Healthcare Finance Articles","Browse RN-led, source-backed articles about medical bills, insurance, Medicare, Medicaid, retirement, workplace benefits, and healthcare-worker finances.","Route-specific page action","Route-specific destination","1","Route-specific page action","Route-specific destination","seo_pathway","already_compliant","existing contract retained","none","Retain and regression-test the existing outcome language."
"/articles/accident-critical-illness-hospital-indemnity-open-enrollment","article","everyone","Accident vs. Critical Illness vs. Hospital Indemnity Insurance","Compare accident, critical illness, and hospital indemnity insurance by benefit trigger, payout, exclusions, and fit with your health plan.","Equal-weight article next-step cards","Article/category-dependent","1","Equal-weight article next-step cards","Article/category-dependent","seo_pathway","deferred_rank_1","existing contract retained","none","Audit article-specific intent and replace broad fallbacks only with evidence-backed direct handoffs."
"/articles/allowed-amount-medical-bills","article","everyone","Allowed Amount: The Number That Actually Matters on a Medical Bill","Learn why the billed charge is not always the number your insurance uses to calculate your share.","Equal-weight article next-step cards","Article/category-dependent","1","Equal-weight article next-step cards","Article/category-dependent","seo_pathway","deferred_rank_1","existing contract retained","none","Audit article-specific intent and replace broad fallbacks only with evidence-backed direct handoffs."
"/articles/backup-care-plans-for-busy-healthcare-workers","article","everyone","Backup Childcare for Healthcare Workers: A Shift-Proof Plan","Create a backup childcare plan for nursing shifts, weekends, call, illness, and school closures, including employer benefits and cost planning.","Equal-weight article next-step cards","Article/category-dependent","0","Equal-weight article next-step cards","Article/category-dependent","none","deferred_rank_1","existing contract retained","none","Audit article-specific intent and replace broad fallbacks only with evidence-backed direct handoffs."
"/articles/beneficiaries-open-enrollment-checklist","article","everyone","The 10-Minute Open Enrollment Task That Prevents a Legal Mess","Use open enrollment to update beneficiaries before life changes create avoidable problems.","Equal-weight article next-step cards","Article/category-dependent","0","Equal-weight article next-step cards","Article/category-dependent","none","deferred_rank_1","existing contract retained","none","Audit article-specific intent and replace broad fallbacks only with evidence-backed direct handoffs."
"/articles/blood-thinner-safety-before-going-home","article","everyone","Blood Thinner Safety: What to Verify Before Going Home","Prepare the exact questions and written information needed to use a prescribed blood thinner safely without guessing at medicine-specific rules.","Equal-weight article next-step cards","Article/category-dependent","0","Equal-weight article next-step cards","Article/category-dependent","none","deferred_rank_1","existing contract retained","none","Audit article-specific intent and replace broad fallbacks only with evidence-backed direct handoffs."
"/articles/burnout-overspending-overeating","article","everyone","Burnout, Overspending, and Overeating After Hard Shifts","Understand why hard shifts can trigger expensive or unhealthy coping patterns — without shame.","Equal-weight article next-step cards","Article/category-dependent","0","Equal-weight article next-step cards","Article/category-dependent","none","deferred_rank_1","existing contract retained","none","Audit article-specific intent and replace broad fallbacks only with evidence-backed direct handoffs."
"/articles/can-healthcare-workers-reach-financial-independence","article","healthcare_workers","Can Healthcare Workers Reach Financial Independence?","A realistic FI guide for workers who want more freedom without pretending every shift is easy or every budget is painless.","Equal-weight article next-step cards","Article/category-dependent","0","Equal-weight article next-step cards","Article/category-dependent","none","deferred_rank_1","existing contract retained","none","Audit article-specific intent and replace broad fallbacks only with evidence-backed direct handoffs."
"/articles/can-you-live-off-dividends-passive-income-guide","article","healthcare_workers","Can You Live Off Dividends? A Plain-English Passive Income Guide","A grounded explanation of dividend income, total return, and why passive income still needs a large asset base.","Equal-weight article next-step cards","Article/category-dependent","0","Equal-weight article next-step cards","Article/category-dependent","none","deferred_rank_1","existing contract retained","none","Audit article-specific intent and replace broad fallbacks only with evidence-backed direct handoffs."
"/articles/cash-vs-investing-when-you-feel-behind","article","healthcare_workers","Should You Keep Cash or Invest It? A Practical Decision Framework","Use a practical cash-versus-investing framework based on emergency reserves, near-term expenses, debt, employer matching, and time horizon.","Equal-weight article next-step cards","Article/category-dependent","0","Equal-weight article next-step cards","Article/category-dependent","none","deferred_rank_1","existing contract retained","none","Audit article-specific intent and replace broad fallbacks only with evidence-backed direct handoffs."
"/articles/check-hospital-financial-assistance-before-paying","article","patients_caregivers","Before You Pay a Hospital Bill, Check Financial Assistance","Know when to ask for charity care or financial assistance before draining savings or using a credit card.","2 independently rendered global endcaps","Multiple competing destinations","2","One governed medical_bill endcap","Owner-specific destination","medical_bill","changed","directional_cta_clicked or retained journey-specific event","single_global_endcap_owner","Keep a single route owner; re-add an endcap only with an explicit precedence decision."
"/articles/copd-recovery-after-hospital","article","everyone","COPD Recovery After a Hospital Visit","Organize the medicines, inhalers, equipment, recovery plan, follow-up, and access questions that matter after a COPD-related hospital visit.","Equal-weight article next-step cards","Article/category-dependent","0","Equal-weight article next-step cards","Article/category-dependent","none","deferred_rank_1","existing contract retained","none","Audit article-specific intent and replace broad fallbacks only with evidence-backed direct handoffs."
"/articles/deductible-copay-coinsurance-out-of-pocket-max","article","everyone","Deductible vs. Copay vs. Coinsurance vs. Out-of-Pocket Maximum","Learn the difference between a deductible, copay, coinsurance, and out-of-pocket maximum with a simple medical-bill example.","Two or three equal-weight next-step cards","Multiple competing destinations","1","Estimate visit cost","/tools/health-insurance-visit-cost-calculator","page","changed","directional_cta_clicked or retained journey-specific event","directional_article_handoff","Reassess after 28 days or adequate consented journey evidence."
"/articles/dental-vision-insurance-open-enrollment","article","everyone","Dental and Vision Insurance: What to Check Before Adding Them","Avoid overbuying add-ons by checking annual maximums, frequency limits, and real expected use.","Equal-weight article next-step cards","Article/category-dependent","0","Equal-weight article next-step cards","Article/category-dependent","none","deferred_rank_1","existing contract retained","none","Audit article-specific intent and replace broad fallbacks only with evidence-backed direct handoffs."
"/articles/diagnosis-explained","article","everyone","Diagnosis, Explained: Our Plain-English Guide System","The RN-designed format, publication gates, and nurse-reviewed plain-English diagnosis guides available from Community Acquired Finance.","Equal-weight article next-step cards","Article/category-dependent","0","Equal-weight article next-step cards","Article/category-dependent","none","deferred_rank_1","existing contract retained","none","Audit article-specific intent and replace broad fallbacks only with evidence-backed direct handoffs."
"/articles/disability-insurance-healthcare-workers-open-enrollment","article","everyone","Disability Insurance for Healthcare Workers: The Benefit You Should Not Ignore","Understand short-term and long-term disability before an injury or illness threatens your income.","Equal-weight article next-step cards","Article/category-dependent","0","Equal-weight article next-step cards","Article/category-dependent","none","deferred_rank_1","existing contract retained","none","Audit article-specific intent and replace broad fallbacks only with evidence-backed direct handoffs."
"/articles/discharge-coverage-guide","article","patients_caregivers","Discharge Coverage Guide","Understand which post-hospital costs Medicare may cover after discharge — and which questions families should ask early.","Equal-weight article next-step cards","Article/category-dependent","0","Equal-weight article next-step cards","Article/category-dependent","none","deferred_rank_1","existing contract retained","none","Audit article-specific intent and replace broad fallbacks only with evidence-backed direct handoffs."
"/articles/does-medicare-cover-long-term-care","article","patients_caregivers","Does Medicare Cover Long-Term Care?","A plain-English answer to the Medicare long-term care gap, including the difference between skilled care and custodial care.","Equal-weight article next-step cards","Article/category-dependent","0","Equal-weight article next-step cards","Article/category-dependent","none","deferred_rank_1","existing contract retained","none","Audit article-specific intent and replace broad fallbacks only with evidence-backed direct handoffs."
"/articles/does-medicare-cover-rehab-after-hospital-stay","article","patients_caregivers","Does Medicare Cover Rehab After a Hospital Stay?","Understand when Medicare may cover short-term rehab, what can block coverage, and what families should ask before discharge.","Equal-weight article next-step cards","Article/category-dependent","0","Equal-weight article next-step cards","Article/category-dependent","none","deferred_rank_1","existing contract retained","none","Audit article-specific intent and replace broad fallbacks only with evidence-backed direct handoffs."
"/articles/durable-medical-equipment-after-discharge","article","patients_caregivers","Durable Medical Equipment After Discharge","Learn how walkers, wheelchairs, oxygen, hospital beds, and other equipment may be covered after discharge.","Equal-weight article next-step cards","Article/category-dependent","0","Equal-weight article next-step cards","Article/category-dependent","none","deferred_rank_1","existing contract retained","none","Audit article-specific intent and replace broad fallbacks only with evidence-backed direct handoffs."
"/articles/earn-more-without-burning-out-bedside","article","healthcare_workers","How to Earn More Without Burning Out at Bedside","A career-income guide for healthcare workers who want more money and more options without relying only on extra shifts.","Equal-weight article next-step cards","Article/category-dependent","0","Equal-weight article next-step cards","Article/category-dependent","none","deferred_rank_1","existing contract retained","none","Audit article-specific intent and replace broad fallbacks only with evidence-backed direct handoffs."
"/articles/employer-life-insurance-open-enrollment","article","everyone","Employer Life Insurance: Helpful, But Usually Not a Full Plan","Know what basic life, supplemental life, guaranteed issue, and portability mean before checking the box.","Equal-weight article next-step cards","Article/category-dependent","0","Equal-weight article next-step cards","Article/category-dependent","none","deferred_rank_1","existing contract retained","none","Audit article-specific intent and replace broad fallbacks only with evidence-backed direct handoffs."
"/articles/facility-fee-vs-professional-fee","article","patients_caregivers","Facility Fee vs. Professional Fee: Why One Visit Can Produce Two Bills","Learn the difference between a facility fee and professional fee, why one visit can create two bills, and what to verify before paying.","2 independently rendered global endcaps","Multiple competing destinations","2","One governed medical_bill endcap","Owner-specific destination","medical_bill","changed","directional_cta_clicked or retained journey-specific event","single_global_endcap_owner","Keep a single route owner; re-add an endcap only with an explicit precedence decision."
"/articles/from-the-bedside-long-term-care-medicaid-hospital-delay","article","everyone","From the Bedside: Long-Term Care Medicaid Should Not Wait Until a Crisis","A bedside look at why older adults can get stuck in the hospital while families scramble for long-term care Medicaid, nursing home placement, and a plan to preserve function.","Equal-weight article next-step cards","Article/category-dependent","0","Equal-weight article next-step cards","Article/category-dependent","none","deferred_rank_1","existing contract retained","none","Audit article-specific intent and replace broad fallbacks only with evidence-backed direct handoffs."
"/articles/from-the-bedside-medicare-prescription-cost","article","patients_caregivers","Why Is My Prescription So Expensive If I Have Medicare?","A bedside Medicare drug-cost story showing why a covered prescription can still create a painful pharmacy bill — and what to ask before giving up on it.","Equal-weight article next-step cards","Article/category-dependent","0","Equal-weight article next-step cards","Article/category-dependent","none","deferred_rank_1","existing contract retained","none","Audit article-specific intent and replace broad fallbacks only with evidence-backed direct handoffs."
"/articles/health-fsa-vs-dependent-care-fsa","article","everyone","Health FSA vs Dependent Care FSA: Same Name, Totally Different Use","Do not mix up medical expense money with childcare or dependent-care money.","Equal-weight article next-step cards","Article/category-dependent","1","Equal-weight article next-step cards","Article/category-dependent","seo_pathway","deferred_rank_1","existing contract retained","none","Audit article-specific intent and replace broad fallbacks only with evidence-backed direct handoffs."
"/articles/healthcare-worker-discounts","article","healthcare_workers","Healthcare Worker Discounts and Perks Directory","Use healthcare discounts without letting them become an excuse to buy things you did not need.","Equal-weight article next-step cards","Article/category-dependent","0","Equal-weight article next-step cards","Article/category-dependent","none","deferred_rank_1","existing contract retained","none","Audit article-specific intent and replace broad fallbacks only with evidence-backed direct handoffs."
"/articles/healthcare-worker-money-map","article","healthcare_workers","The Healthcare Worker Money Map","A plain-English order of operations for turning a healthcare paycheck into savings, retirement contributions, and long-term wealth.","Equal-weight article next-step cards","Article/category-dependent","1","Equal-weight article next-step cards","Article/category-dependent","seo_pathway","deferred_rank_1","existing contract retained","none","Audit article-specific intent and replace broad fallbacks only with evidence-backed direct handoffs."
"/articles/heart-failure-plan-after-discharge","article","everyone","Heart Failure: Understanding the Plan After Discharge","Turn a complicated heart-failure discharge plan into a clear list of medicines, daily tracking, follow-up, and questions for the treating team.","Equal-weight article next-step cards","Article/category-dependent","0","Equal-weight article next-step cards","Article/category-dependent","none","deferred_rank_1","existing contract retained","none","Audit article-specific intent and replace broad fallbacks only with evidence-backed direct handoffs."
"/articles/home-health-after-discharge","article","patients_caregivers","Home Health After Discharge","Understand what Medicare home health can help with after discharge — and what it usually does not replace.","Equal-weight article next-step cards","Article/category-dependent","0","Equal-weight article next-step cards","Article/category-dependent","none","deferred_rank_1","existing contract retained","none","Audit article-specific intent and replace broad fallbacks only with evidence-backed direct handoffs."
"/articles/hospital-cafe-habit","article","everyone","How Much Does Hospital Cafeteria Spending Cost Per Year?","Calculate the yearly cost of hospital cafeteria meals and coffee, then build a realistic shift-work spending plan instead of an all-or-nothing budget.","Equal-weight article next-step cards","Article/category-dependent","0","Equal-weight article next-step cards","Article/category-dependent","none","deferred_rank_1","existing contract retained","none","Audit article-specific intent and replace broad fallbacks only with evidence-backed direct handoffs."
"/articles/how-healthcare-workers-can-invest-without-picking-stocks","article","healthcare_workers","How Healthcare Workers Can Invest Without Picking Stocks","A simple investing guide for healthcare workers who want long-term growth without turning investing into a second job.","Equal-weight article next-step cards","Article/category-dependent","0","Equal-weight article next-step cards","Article/category-dependent","none","deferred_rank_1","existing contract retained","none","Audit article-specific intent and replace broad fallbacks only with evidence-backed direct handoffs."
"/articles/how-healthcare-workers-should-compare-job-offers","article","everyone","How Healthcare Workers Should Compare Two Job Offers","Compare salary, overtime, differentials, benefits, PTO, insurance premiums, commute burden, and schedule tradeoffs before accepting a healthcare job.","Equal-weight article next-step cards","Article/category-dependent","0","Equal-weight article next-step cards","Article/category-dependent","none","deferred_rank_1","existing contract retained","none","Audit article-specific intent and replace broad fallbacks only with evidence-backed direct handoffs."
"/articles/how-hospital-403b-matching-works","article","healthcare_workers","How Does a Hospital 403(b) Match Work? Examples and Vesting","See how hospital 403(b) matching works, including common formulas, contribution examples, vesting, eligible pay, and 401(a) employer deposits.","Two or three equal-weight next-step cards","Multiple competing destinations","1","Calculate each paycheck","/tools/403b-paycheck-calculator","page","changed","directional_cta_clicked or retained journey-specific event","directional_article_handoff","Reassess after 28 days or adequate consented journey evidence."
"/articles/how-much-should-a-nurse-put-in-403b-per-paycheck","article","healthcare_workers","How Much Should a Nurse Put in a 403(b) Per Paycheck?","A practical paycheck framework for nurses and healthcare workers deciding what 403(b) contribution percentage to start with.","Equal-weight article next-step cards","Article/category-dependent","1","Equal-weight article next-step cards","Article/category-dependent","seo_pathway","deferred_rank_1","existing contract retained","none","Audit article-specific intent and replace broad fallbacks only with evidence-backed direct handoffs."
"/articles/how-to-pick-retirement-investments-at-work","article","healthcare_workers","How to Pick Retirement Investments at Work","A plain-English guide to target-date funds, S&P 500 index funds, expense ratios, risk, and changing investments inside a workplace retirement account.","Equal-weight article next-step cards","Article/category-dependent","1","Equal-weight article next-step cards","Article/category-dependent","seo_pathway","deferred_rank_1","existing contract retained","none","Audit article-specific intent and replace broad fallbacks only with evidence-backed direct handoffs."
"/articles/how-to-read-an-eob","article","patients_caregivers","How to Read an Explanation of Benefits (EOB) Before Paying a Medical Bill","Learn how to read an Explanation of Benefits, match it to a medical bill, and verify allowed amount, insurance payment, and patient responsibility.","2 independently rendered global endcaps","Multiple competing destinations","2","Match EOB and bill","/tools/eob-to-bill-match-checker","page","changed","directional_cta_clicked or retained journey-specific event","directional_article_handoff+single_global_endcap_owner","Keep a single route owner; re-add an endcap only with an explicit precedence decision."
"/articles/hsa-vs-fsa-healthcare-workers","article","healthcare_workers","HSA vs FSA: The Plain-English Guide for Healthcare Workers","Know when an HSA, FSA, or both can help lower taxes without creating open-enrollment regret.","Equal-weight article next-step cards","Article/category-dependent","0","Equal-weight article next-step cards","Article/category-dependent","none","deferred_rank_1","existing contract retained","none","Audit article-specific intent and replace broad fallbacks only with evidence-backed direct handoffs."
"/articles/in-network-hospital-out-of-network-bills","article","everyone","In-Network Hospital Does Not Always Mean Every Bill Is In-Network","Understand why separate clinicians or services can create network surprises even when the hospital itself is covered.","Equal-weight article next-step cards","Article/category-dependent","1","Equal-weight article next-step cards","Article/category-dependent","seo_pathway","deferred_rank_1","existing contract retained","none","Audit article-specific intent and replace broad fallbacks only with evidence-backed direct handoffs."
"/articles/insurance-is-future-planning","article","everyone","Insurance Is Future Planning, Not Just a Monthly Bill","See why health insurance, Medicare, Medicaid, and long-term care planning matter most before a hospitalization, diagnosis, rehab stay, or daily-care need turns coverage into a family financial decision.","Equal-weight article next-step cards","Article/category-dependent","0","Equal-weight article next-step cards","Article/category-dependent","none","deferred_rank_1","existing contract retained","none","Audit article-specific intent and replace broad fallbacks only with evidence-backed direct handoffs."
"/articles/long-term-care-and-custodial-care","article","patients_caregivers","Skilled Care vs. Custodial Care: What Medicare Usually Covers","Learn the difference between skilled care and custodial care, what Medicare may cover, and when Medicaid or separate long-term-care planning may matter.","Equal-weight article next-step cards","Article/category-dependent","0","Equal-weight article next-step cards","Article/category-dependent","none","deferred_rank_1","existing contract retained","none","Audit article-specific intent and replace broad fallbacks only with evidence-backed direct handoffs."
"/articles/managing-money-has-never-been-easier-or-harder","article","healthcare_workers","Managing Money Has Never Been Easier—or Harder","Why financial apps make money easier to manage but harder to stop thinking about—and how selective friction can improve spending and investing decisions.","Equal-weight article next-step cards","Article/category-dependent","0","Equal-weight article next-step cards","Article/category-dependent","none","deferred_rank_1","existing contract retained","none","Audit article-specific intent and replace broad fallbacks only with evidence-backed direct handoffs."
"/articles/medicaid-dual-eligibility-ltss","article","everyone","Medicaid, Dual Eligibility, and LTSS","Understand where Medicaid fits when Medicare does not cover the long-term care a family hoped for.","Equal-weight article next-step cards","Article/category-dependent","0","Equal-weight article next-step cards","Article/category-dependent","none","deferred_rank_1","existing contract retained","none","Audit article-specific intent and replace broad fallbacks only with evidence-backed direct handoffs."
"/articles/medicare-advantage-vs-original-medicare-2026","article","patients_caregivers","Medicare Advantage vs. Original Medicare in 2026: Key Tradeoffs","Compare Medicare Advantage and Original Medicare in 2026 by provider access, premiums, cost sharing, drug coverage, prior authorization, travel, and Medigap.","Equal-weight article next-step cards","Article/category-dependent","0","Equal-weight article next-step cards","Article/category-dependent","none","deferred_rank_1","existing contract retained","none","Audit article-specific intent and replace broad fallbacks only with evidence-backed direct handoffs."
"/articles/medicare-medicaid-changes-january-2027","article","everyone","Medicare and Medicaid Changes Scheduled for January 1, 2027","A plain-English guide to the scheduled 2027 Medicaid eligibility rollout and the practical areas Medicare patients, caregivers, and hospitals should watch.","Equal-weight article next-step cards","Article/category-dependent","0","Equal-weight article next-step cards","Article/category-dependent","none","deferred_rank_1","existing contract retained","none","Audit article-specific intent and replace broad fallbacks only with evidence-backed direct handoffs."
"/articles/medicare-options-explained","article","patients_caregivers","Medicare Options Explained","Understand Original Medicare, Medicare Advantage, Part D, Medigap, and Medicaid without getting buried in insurance language.","Equal-weight article next-step cards","Article/category-dependent","0","Equal-weight article next-step cards","Article/category-dependent","none","deferred_rank_1","existing contract retained","none","Audit article-specific intent and replace broad fallbacks only with evidence-backed direct handoffs."
"/articles/medicare-vs-medicaid-what-is-the-difference","article","patients_caregivers","Medicare vs Medicaid: What Is the Difference?","Separate Medicare and Medicaid in plain English so patients and families know which program solves which problem.","Equal-weight article next-step cards","Article/category-dependent","0","Equal-weight article next-step cards","Article/category-dependent","none","deferred_rank_1","existing contract retained","none","Audit article-specific intent and replace broad fallbacks only with evidence-backed direct handoffs."
"/articles/money-stress-after-hard-shift","article","healthcare_workers","Money Stress After a Hard Shift","How to stop stress from turning into spending, avoidance, or panic decisions after exhausting healthcare work.","Equal-weight article next-step cards","Article/category-dependent","0","Equal-weight article next-step cards","Article/category-dependent","none","deferred_rank_1","existing contract retained","none","Audit article-specific intent and replace broad fallbacks only with evidence-backed direct handoffs."
"/articles/network-checklist-open-enrollment","article","everyone","In-Network Is Not One Checkbox: What to Verify During Open Enrollment","Use a practical network checklist before choosing a plan for the next year.","Equal-weight article next-step cards","Article/category-dependent","0","Equal-weight article next-step cards","Article/category-dependent","none","deferred_rank_1","existing contract retained","none","Audit article-specific intent and replace broad fallbacks only with evidence-backed direct handoffs."
"/articles/new-home-oxygen-nebulizer-guide","article","everyone","New Home Oxygen and Nebulizer Guide","Prepare the equipment, safety, supplier, backup-power, cleaning, and follow-up questions needed before the first night with home oxygen or a nebulizer.","Equal-weight article next-step cards","Article/category-dependent","0","Equal-weight article next-step cards","Article/category-dependent","none","deferred_rank_1","existing contract retained","none","Audit article-specific intent and replace broad fallbacks only with evidence-backed direct handoffs."
"/articles/obbb-overtime-tax-deduction-healthcare-workers","article","healthcare_workers","The OBBB Overtime Tax Deduction, Explained for Healthcare Workers","Understand why the new overtime rule matters, what part of overtime may qualify, and why it is not the same as making every overtime dollar tax-free.","Equal-weight article next-step cards","Article/category-dependent","0","Equal-weight article next-step cards","Article/category-dependent","none","deferred_rank_1","existing contract retained","none","Audit article-specific intent and replace broad fallbacks only with evidence-backed direct handoffs."
"/articles/observation-vs-inpatient-status","article","patients_caregivers","Observation vs Inpatient Status: The Hospital Word That Can Change the Bill","Understand why staying overnight does not always mean a patient was formally admitted as an inpatient.","Equal-weight article next-step cards","Article/category-dependent","0","Equal-weight article next-step cards","Article/category-dependent","none","deferred_rank_1","existing contract retained","none","Audit article-specific intent and replace broad fallbacks only with evidence-backed direct handoffs."
"/articles/open-enrollment-mistakes-healthcare-workers","article","everyone","Open Enrollment Mistakes Healthcare Workers Make Every Year","Avoid the benefit choices that quietly raise risk, reduce take-home pay, or leave healthcare workers underprotected.","Equal-weight article next-step cards","Article/category-dependent","0","Equal-weight article next-step cards","Article/category-dependent","none","deferred_rank_1","existing contract retained","none","Audit article-specific intent and replace broad fallbacks only with evidence-backed direct handoffs."
"/articles/open-enrollment-paycheck-impact","article","everyone","How Open Enrollment Changes Your Paycheck","See how benefit elections stack up before your first paycheck of the new plan year surprises you.","Equal-weight article next-step cards","Article/category-dependent","0","Equal-weight article next-step cards","Article/category-dependent","none","deferred_rank_1","existing contract retained","none","Audit article-specific intent and replace broad fallbacks only with evidence-backed direct handoffs."
"/articles/plain-english-glossary","article","everyone","Plain-English Healthcare Finance Glossary","Insurance and Medicare terms defined like a human, not like a benefits packet.","Equal-weight article next-step cards","Article/category-dependent","0","Equal-weight article next-step cards","Article/category-dependent","none","deferred_rank_1","existing contract retained","none","Audit article-specific intent and replace broad fallbacks only with evidence-backed direct handoffs."
"/articles/premium-deductible-out-of-pocket-open-enrollment","article","everyone","Premium, Deductible, and Out-of-Pocket Max: How to Compare Health Plans","Learn the three numbers that decide whether a health plan is cheap, risky, or actually a good fit.","Equal-weight article next-step cards","Article/category-dependent","1","Equal-weight article next-step cards","Article/category-dependent","seo_pathway","deferred_rank_1","existing contract retained","none","Audit article-specific intent and replace broad fallbacks only with evidence-backed direct handoffs."
"/articles/prescription-coverage-open-enrollment-checklist","article","everyone","How to Check Prescription Drug Coverage Before Choosing a Health Plan","Check prescription drug coverage before choosing a health plan, including formularies, tiers, pharmacies, deductibles, and prior authorization.","Equal-weight article next-step cards","Article/category-dependent","1","Equal-weight article next-step cards","Article/category-dependent","seo_pathway","deferred_rank_1","existing contract retained","none","Audit article-specific intent and replace broad fallbacks only with evidence-backed direct handoffs."
"/articles/prior-authorization-explained","article","everyone","What Is Prior Authorization? Why Insurance Can Delay Doctor-Recommended Care","Learn what prior authorization is, why insurance may delay doctor-recommended care, and what to do when a request is pending or denied.","Equal-weight article next-step cards","Article/category-dependent","1","Equal-weight article next-step cards","Article/category-dependent","medical_bill","deferred_rank_1","existing contract retained","none","Audit article-specific intent and replace broad fallbacks only with evidence-backed direct handoffs."
"/articles/roth-vs-traditional-403b-healthcare-workers","article","healthcare_workers","Roth vs Traditional 403(b) for Healthcare Workers","A practical way to think about current tax savings, future tax flexibility, and paycheck stress when choosing 403(b) contributions.","Equal-weight article next-step cards","Article/category-dependent","1","Equal-weight article next-step cards","Article/category-dependent","seo_pathway","deferred_rank_1","existing contract retained","none","Audit article-specific intent and replace broad fallbacks only with evidence-backed direct handoffs."
"/articles/safe-hospital-discharge-first-72-hours","article","everyone","Safe Hospital Discharge and the First 72 Hours at Home","Use one practical plan to verify medicines, follow-up, equipment, home support, and unresolved questions before the first night at home.","Equal-weight article next-step cards","Article/category-dependent","0","Equal-weight article next-step cards","Article/category-dependent","none","deferred_rank_1","existing contract retained","none","Audit article-specific intent and replace broad fallbacks only with evidence-backed direct handoffs."
"/articles/savings-rate-that-actually-changes-your-life","article","healthcare_workers","The Savings Rate That Actually Changes Your Life","Why savings rate matters more than tiny budgeting hacks, especially for healthcare workers trying to buy back time.","Equal-weight article next-step cards","Article/category-dependent","0","Equal-weight article next-step cards","Article/category-dependent","none","deferred_rank_1","existing contract retained","none","Audit article-specific intent and replace broad fallbacks only with evidence-backed direct handoffs."
"/articles/short-term-rehab-after-hospital","article","patients_caregivers","Short-Term Rehab After the Hospital","Learn what Medicare and Medicaid may cover when a patient needs rehab after hospitalization.","Equal-weight article next-step cards","Article/category-dependent","0","Equal-weight article next-step cards","Article/category-dependent","none","deferred_rank_1","existing contract retained","none","Audit article-specific intent and replace broad fallbacks only with evidence-backed direct handoffs."
"/articles/spouse-family-health-insurance-open-enrollment","article","everyone","Can You Add a Spouse to Your Health Insurance? Rules, Costs, and Dual Coverage","Learn when you can add a spouse to health insurance, how qualifying life events work, and how to compare surcharges, dual coverage, and family costs.","Equal-weight article next-step cards","Article/category-dependent","1","Equal-weight article next-step cards","Article/category-dependent","seo_pathway","deferred_rank_1","existing contract retained","none","Audit article-specific intent and replace broad fallbacks only with evidence-backed direct handoffs."
"/articles/use-credit-cards-without-credit-card-debt","article","healthcare_workers","How to Use a Credit Card Without Carrying Credit Card Debt","Learn how to use a credit card, build credit, set up full-balance autopay, use secured-card guardrails, and avoid expensive credit-card debt.","Equal-weight article next-step cards","Article/category-dependent","0","Equal-weight article next-step cards","Article/category-dependent","none","deferred_rank_1","existing contract retained","none","Audit article-specific intent and replace broad fallbacks only with evidence-backed direct handoffs."
"/articles/what-does-medicare-not-cover","article","patients_caregivers","What Does Medicare Not Cover?","A plain-English list of common Medicare coverage gaps that create surprise costs for patients and families.","Equal-weight article next-step cards","Article/category-dependent","0","Equal-weight article next-step cards","Article/category-dependent","none","deferred_rank_1","existing contract retained","none","Audit article-specific intent and replace broad fallbacks only with evidence-backed direct handoffs."
"/articles/what-employer-benefit-changes-should-i-compare","article","healthcare_workers","What Employer-Benefit Changes Should I Compare During Open Enrollment?","Compare the changes that can alter cost, access, employer value, or protection before you repeat last year's elections.","Equal-weight article next-step cards","Article/category-dependent","1","Equal-weight article next-step cards","Article/category-dependent","seo_pathway","deferred_rank_1","existing contract retained","none","Audit article-specific intent and replace broad fallbacks only with evidence-backed direct handoffs."
"/articles/why-am-i-getting-a-blood-thinner-in-the-hospital","article","everyone","Why Am I Getting a Blood Thinner in the Hospital?","A plain-English explanation of why hospitals use blood thinners, what common options do differently, and what to ask before accepting or declining a dose.","Equal-weight article next-step cards","Article/category-dependent","0","Equal-weight article next-step cards","Article/category-dependent","none","deferred_rank_1","existing contract retained","none","Audit article-specific intent and replace broad fallbacks only with evidence-backed direct handoffs."
"/articles/why-did-the-hospital-stop-or-change-my-home-medications","article","everyone","Why Did the Hospital Stop or Change My Home Medications?","A plain-English guide to temporary medication holds, substitutions, timing changes, and the questions that prevent confusion at discharge.","Equal-weight article next-step cards","Article/category-dependent","0","Equal-weight article next-step cards","Article/category-dependent","none","deferred_rank_1","existing contract retained","none","Audit article-specific intent and replace broad fallbacks only with evidence-backed direct handoffs."
"/articles/why-do-i-still-owe-money-with-medicare","article","patients_caregivers","Why Do I Still Owe Money With Medicare?","Explain why Medicare can pay part of a claim while the patient still owes premiums, deductibles, copays, coinsurance, or uncovered costs.","Equal-weight article next-step cards","Article/category-dependent","0","Equal-weight article next-step cards","Article/category-dependent","none","deferred_rank_1","existing contract retained","none","Audit article-specific intent and replace broad fallbacks only with evidence-backed direct handoffs."
"/articles/why-er-visit-is-expensive","article","patients_caregivers","Why an ER Visit Can Be So Expensive","Understand the pieces that can turn one emergency visit into several separate charges.","Equal-weight article next-step cards","Article/category-dependent","0","Equal-weight article next-step cards","Article/category-dependent","none","deferred_rank_1","existing contract retained","none","Audit article-specific intent and replace broad fallbacks only with evidence-backed direct handoffs."
"/articles/why-one-hospital-visit-can-create-multiple-bills","article","patients_caregivers","Why One Hospital Visit Can Create Multiple Bills","Understand why a single ER visit, surgery, or hospital stay can produce separate bills from different groups.","2 independently rendered global endcaps","Multiple competing destinations","2","One governed medical_bill endcap","Owner-specific destination","medical_bill","changed","directional_cta_clicked or retained journey-specific event","single_global_endcap_owner","Keep a single route owner; re-add an endcap only with an explicit precedence decision."
"/articles/workplace-benefits-definitions","article","healthcare_workers","Workplace Benefits Definitions","Decode open enrollment paperwork without calling HR.","Equal-weight article next-step cards","Article/category-dependent","0","Equal-weight article next-step cards","Article/category-dependent","none","deferred_rank_1","existing contract retained","none","Audit article-specific intent and replace broad fallbacks only with evidence-backed direct handoffs."
"/build-wealth","hub_or_guide","healthcare_workers","Build Wealth as a Healthcare Worker","A practical path for healthcare workers to organize cash, debt, retirement contributions, investing, and financial independence.","2 independently rendered global endcaps","Multiple competing destinations","2","One governed seo_pathway endcap","Owner-specific destination","seo_pathway","changed","directional_cta_clicked or retained journey-specific event","single_global_endcap_owner","Keep a single route owner; re-add an endcap only with an explicit precedence decision."
"/contact","trust_reference","everyone","Contact Community Acquired Finance","Contact Community Acquired Finance with feedback, corrections, source questions, topic suggestions, privacy requests, or accessibility concerns.","Reference navigation only","Related trust or site navigation","0","No primary conversion CTA appropriate","None","none","no_primary_cta_appropriate","existing contract retained","none","Keep trust and legal pages free of conversion pressure."
"/disclosures","hub_or_guide","everyone","Disclosures","Review educational, financial, medical, advertising, affiliate, and conflict-of-interest disclosures for Community Acquired Finance.","Route-specific page action","Route-specific destination","0","Route-specific page action","Route-specific destination","none","already_compliant","existing contract retained","none","Retain and regression-test the existing outcome language."
"/editorial-policy","hub_or_guide","everyone","Editorial Policy","Review the editorial standards for accuracy, sourcing, independence, corrections, and healthcare financial education.","Route-specific page action","Route-specific destination","0","Route-specific page action","Route-specific destination","none","already_compliant","existing contract retained","none","Retain and regression-test the existing outcome language."
"/glossary","hub_or_guide","everyone","Healthcare Finance Glossary","Plain-English definitions for health insurance, Medicare, Medicaid, medical billing, retirement accounts, workplace benefits, and hospital finance terms.","Route-specific page action","Route-specific destination","0","Route-specific page action","Route-specific destination","none","already_compliant","existing contract retained","none","Retain and regression-test the existing outcome language."
"/guides","hub_or_guide","everyone","Healthcare Finance Quick Guides","Download and use concise, source-backed guides for Medicare, Medicaid, hospital discharge, medical bills, and healthcare financial decisions.","Route-specific page action","Route-specific destination","0","Route-specific page action","Route-specific destination","none","already_compliant","existing contract retained","none","Retain and regression-test the existing outcome language."
"/guides/hospital-discharge-medicare","hub_or_guide","patients_caregivers","Hospital Discharge, Medicare, and Long-Term Care Guide","A practical guide for patients, caregivers, and healthcare workers navigating rehab, home health, equipment, Medicare, Medicaid, and long-term care after discharge.","Route-specific page action","Route-specific destination","0","Route-specific page action","Route-specific destination","none","already_compliant","existing contract retained","none","Retain and regression-test the existing outcome language."
"/healthcare-workers","hub_or_guide","healthcare_workers","Financial Guides for Healthcare Workers","Plain-English guidance for healthcare-worker paychecks, benefits, retirement accounts, burnout spending, career flexibility, and wealth building.","3 independently rendered global endcaps","Multiple competing destinations","3","One governed seo_pathway endcap","Owner-specific destination","seo_pathway","changed","directional_cta_clicked or retained journey-specific event","single_global_endcap_owner","Keep a single route owner; re-add an endcap only with an explicit precedence decision."
"/healthcare-workers/career-decisions","hub_or_guide","healthcare_workers","Healthcare Career Decision Center","Compare healthcare roles using total compensation, schedule, call, travel, career trajectory, transition risks, negotiation questions, and actions before resigning.","Route-specific page action","Route-specific destination","0","Route-specific page action","Route-specific destination","none","already_compliant","existing contract retained","none","Retain and regression-test the existing outcome language."
"/healthcare-workers/paycheck-tools","hub_or_guide","healthcare_workers","Healthcare Worker Paycheck Tools","Use RN-focused paycheck, overtime, retirement contribution, and savings tools built for healthcare workers.","Route-specific page action","Route-specific destination","0","Route-specific page action","Route-specific destination","none","already_compliant","existing contract retained","none","Retain and regression-test the existing outcome language."
"/insurance","hub_or_guide","patients_caregivers","Health Insurance and Workplace Benefits","Decision tools and plain-English guides for health insurance, open enrollment, EOBs, medical bills, prior authorization, and workplace benefits.","3 independently rendered global endcaps","Multiple competing destinations","3","One governed seo_pathway endcap","Owner-specific destination","seo_pathway","changed","directional_cta_clicked or retained journey-specific event","single_global_endcap_owner","Keep a single route owner; re-add an endcap only with an explicit precedence decision."
"/insurance/commercial-insurance-comparison","hub_or_guide","patients_caregivers","Health Insurance Comparison Framework","Compare health plans by total cost, network, prescriptions, prior authorization, and worst-case exposure without insurer rankings or sales pressure.","Route-specific page action","Route-specific destination","0","Route-specific page action","Route-specific destination","none","already_compliant","existing contract retained","none","Retain and regression-test the existing outcome language."
"/insurance/health-insurance-plan-types","hub_or_guide","patients_caregivers","Health Insurance Plan Types Explained","Compare HMO, PPO, EPO, POS, HDHP, and other health insurance plan structures without insurance jargon.","Route-specific page action","Route-specific destination","0","Route-specific page action","Route-specific destination","none","already_compliant","existing contract retained","none","Retain and regression-test the existing outcome language."
"/insurance/hospital-discharge-coverage","hub_or_guide","patients_caregivers","Hospital Discharge Coverage Guide","Check coverage questions for rehab, skilled nursing, home health, equipment, transportation, prescriptions, and post-hospital care.","Route-specific page action","Route-specific destination","0","Route-specific page action","Route-specific destination","none","already_compliant","existing contract retained","none","Retain and regression-test the existing outcome language."
"/insurance/how-to-read-an-sbc","hub_or_guide","patients_caregivers","How to Read a Summary of Benefits and Coverage","Learn how to read an SBC, including premiums, deductibles, copays, coinsurance, networks, exclusions, and coverage examples.","Route-specific page action","Route-specific destination","0","Route-specific page action","Route-specific destination","none","already_compliant","existing contract retained","none","Retain and regression-test the existing outcome language."
"/insurance/medical-bill-review-toolkit","hub_or_guide","patients_caregivers","Medical Bill Review Toolkit","Review a medical bill against the EOB, allowed amount, insurance payment, coding, network status, and financial assistance options before paying.","3 independently rendered global endcaps","Multiple competing destinations","3","One governed medical_bill endcap","Owner-specific destination","medical_bill","changed","directional_cta_clicked or retained journey-specific event","single_global_endcap_owner","Keep a single route owner; re-add an endcap only with an explicit precedence decision."
"/insurance/medicare-advantage","hub_or_guide","patients_caregivers","Medicare Advantage Comparison Guide","Compare Medicare Advantage with Original Medicare using networks, prior authorization, drug coverage, benefits, and maximum out-of-pocket exposure.","Route-specific page action","Route-specific destination","0","Route-specific page action","Route-specific destination","none","already_compliant","existing contract retained","none","Retain and regression-test the existing outcome language."
"/insurance/medicare-advantage-vs-medigap","hub_or_guide","patients_caregivers","Medicare Advantage vs Medigap","Compare Medicare Advantage and Original Medicare with Medigap by provider access, premiums, cost-sharing, travel, networks, and underwriting considerations.","Route-specific page action","Route-specific destination","0","Route-specific page action","Route-specific destination","none","already_compliant","existing contract retained","none","Retain and regression-test the existing outcome language."
"/insurance/medication-coverage-checklist","hub_or_guide","patients_caregivers","Medication Coverage Checklist","Check formularies, tiers, pharmacies, prior authorization, quantity limits, step therapy, and estimated prescription costs.","Route-specific page action","Route-specific destination","0","Route-specific page action","Route-specific destination","none","already_compliant","existing contract retained","none","Retain and regression-test the existing outcome language."
"/insurance/what-medicare-advantage-marketing-may-not-emphasize","hub_or_guide","patients_caregivers","What Medicare Advantage Marketing May Not Emphasize","Review networks, prior authorization, post-acute care, drug coverage, travel, and maximum out-of-pocket exposure before choosing a plan.","Route-specific page action","Route-specific destination","0","Route-specific page action","Route-specific destination","none","already_compliant","existing contract retained","none","Retain and regression-test the existing outcome language."
"/medicare-care-costs","hub_or_guide","patients_caregivers","Medicare, Medicaid, and Long-Term Care Cost Hub","Understand Medicare, Medicaid, Medigap, Medicare Advantage, cost exposure, skilled care, custodial care, and long-term care planning.","Route-specific page action","Route-specific destination","1","Route-specific page action","Route-specific destination","seo_pathway","already_compliant","existing contract retained","none","Retain and regression-test the existing outcome language."
"/medicare-care-costs/turning-65","hub_or_guide","patients_caregivers","Turning 65 Medicare Enrollment Pathway","Build a qualified Medicare enrollment timeline using current coverage, active employment, employer size, HSA, prescription coverage, spouse coverage, and official next steps.","Route-specific page action","Route-specific destination","0","Route-specific page action","Route-specific destination","none","already_compliant","existing contract retained","none","Retain and regression-test the existing outcome language."
"/methodology","hub_or_guide","everyone","Research and Editorial Methodology","See how Community Acquired Finance selects sources, checks claims, updates educational content, and separates editorial judgment from monetization.","Route-specific page action","Route-specific destination","0","Route-specific page action","Route-specific destination","none","already_compliant","existing contract retained","none","Retain and regression-test the existing outcome language."
"/newsletter","hub_or_guide","everyone","Community Acquired Finance Newsletter","Get practical, low-frequency updates on healthcare-worker finances, medical bills, insurance, benefits, Medicare, and new calculators.","Route-specific page action","Route-specific destination","0","Route-specific page action","Route-specific destination","none","already_compliant","existing contract retained","none","Retain and regression-test the existing outcome language."
"/open-enrollment","hub_or_guide","everyone","Open Enrollment Guide for Healthcare Workers","Compare premiums, deductibles, networks, prescriptions, HSAs, FSAs, supplemental benefits, and paycheck impact before choosing coverage.","3 independently rendered global endcaps","Multiple competing destinations","3","One governed seo_pathway endcap","Owner-specific destination","seo_pathway","changed","directional_cta_clicked or retained journey-specific event","single_global_endcap_owner","Keep a single route owner; re-add an endcap only with an explicit precedence decision."
"/patients-families","hub_or_guide","patients_caregivers","Patient and Caregiver Healthcare Guides","Choose a clear path for a hospital stay, discharge, rehabilitation, medical bills, denied care, medication coverage, Medicare, Medicaid, or long-term care.","3 independently rendered global endcaps","Multiple competing destinations","3","One governed medical_bill endcap","Owner-specific destination","medical_bill","changed","directional_cta_clicked or retained journey-specific event","single_global_endcap_owner","Keep a single route owner; re-add an endcap only with an explicit precedence decision."
"/patients-families/diagnosis-explained/acute-kidney-injury","diagnosis_guide","patients_caregivers","Page Not Found","The requested page could not be found.","Route-specific page action","Route-specific destination","0","Route-specific page action","Route-specific destination","none","already_compliant","existing contract retained","none","Retain and regression-test the existing outcome language."
"/patients-families/diagnosis-explained/atrial-fibrillation","diagnosis_guide","patients_caregivers","Page Not Found","The requested page could not be found.","Route-specific page action","Route-specific destination","0","Route-specific page action","Route-specific destination","none","already_compliant","existing contract retained","none","Retain and regression-test the existing outcome language."
"/patients-families/diagnosis-explained/bowel-obstruction","diagnosis_guide","patients_caregivers","Page Not Found","The requested page could not be found.","Route-specific page action","Route-specific destination","0","Route-specific page action","Route-specific destination","none","already_compliant","existing contract retained","none","Retain and regression-test the existing outcome language."
"/patients-families/diagnosis-explained/copd","diagnosis_guide","patients_caregivers","Page Not Found","The requested page could not be found.","Route-specific page action","Route-specific destination","0","Route-specific page action","Route-specific destination","none","already_compliant","existing contract retained","none","Retain and regression-test the existing outcome language."
"/patients-families/diagnosis-explained/dyslipidemia","diagnosis_guide","patients_caregivers","Page Not Found","The requested page could not be found.","Route-specific page action","Route-specific destination","0","Route-specific page action","Route-specific destination","none","already_compliant","existing contract retained","none","Retain and regression-test the existing outcome language."
"/patients-families/diagnosis-explained/gastrointestinal-bleeding","diagnosis_guide","patients_caregivers","Page Not Found","The requested page could not be found.","Route-specific page action","Route-specific destination","0","Route-specific page action","Route-specific destination","none","already_compliant","existing contract retained","none","Retain and regression-test the existing outcome language."
"/patients-families/diagnosis-explained/heart-failure","diagnosis_guide","patients_caregivers","Page Not Found","The requested page could not be found.","Route-specific page action","Route-specific destination","0","Route-specific page action","Route-specific destination","none","already_compliant","existing contract retained","none","Retain and regression-test the existing outcome language."
"/patients-families/diagnosis-explained/hypertension","diagnosis_guide","patients_caregivers","Page Not Found","The requested page could not be found.","Route-specific page action","Route-specific destination","0","Route-specific page action","Route-specific destination","none","already_compliant","existing contract retained","none","Retain and regression-test the existing outcome language."
"/patients-families/diagnosis-explained/kidney-failure","diagnosis_guide","patients_caregivers","Page Not Found","The requested page could not be found.","Route-specific page action","Route-specific destination","0","Route-specific page action","Route-specific destination","none","already_compliant","existing contract retained","none","Retain and regression-test the existing outcome language."
"/patients-families/hospital-guide","hub_or_guide","patients_caregivers","Hospital & Patient Guide: Understand a Hospital Stay","Understand what commonly happens before, during, and after a hospital stay, including medications, discharge planning, insurance coverage, and medical bills.","Route-specific page action","Route-specific destination","0","Route-specific page action","Route-specific destination","none","already_compliant","existing contract retained","none","Retain and regression-test the existing outcome language."
"/privacy-policy","hub_or_guide","everyone","Privacy Policy","Read the Community Acquired Finance privacy policy.","Route-specific page action","Route-specific destination","0","Route-specific page action","Route-specific destination","none","already_compliant","existing contract retained","none","Retain and regression-test the existing outcome language."
"/start-here","hub_or_guide","everyone","Start Here","Choose a practical starting point for medical bills, healthcare-worker finances, insurance benefits, Medicare, Medicaid, or retirement decisions.","Route-specific page action","Route-specific destination","1","Route-specific page action","Route-specific destination","benefits_workspace","already_compliant","existing contract retained","none","Retain and regression-test the existing outcome language."
"/student-loans","hub_or_guide","everyone","Student Loan Guide for Healthcare Workers","A practical overview of student loan payment decisions, refinancing tradeoffs, and repayment planning for healthcare workers.","Route-specific page action","Route-specific destination","0","Route-specific page action","Route-specific destination","none","already_compliant","existing contract retained","none","Retain and regression-test the existing outcome language."
"/terms-of-use","hub_or_guide","everyone","Terms of Use","Read the Community Acquired Finance terms of use and educational limitations.","Route-specific page action","Route-specific destination","0","Route-specific page action","Route-specific destination","none","already_compliant","existing contract retained","none","Retain and regression-test the existing outcome language."
"/tools","hub_or_guide","everyone","Healthcare Finance Calculators and Checklists","Free calculators and decision tools for 403(b) contributions, health insurance costs, medical bills, Medicare, open enrollment, and hospital discharge.","Route-specific page action","Route-specific destination","1","Route-specific page action","Route-specific destination","none","already_compliant","existing contract retained","none","Retain and regression-test the existing outcome language."
"/tools/403b-paycheck-calculator","tool","healthcare_workers","403(b) Paycheck and Employer Match Calculator","Estimate a 403(b) payroll contribution, model common employer matching or non-elective formulas, and identify plan terms to verify before changing payroll.","2 independently rendered global endcaps","Multiple competing destinations","2","One governed benefits_workspace endcap","Owner-specific destination","benefits_workspace","changed","directional_cta_clicked or retained journey-specific event","single_global_endcap_owner","Keep a single route owner; re-add an endcap only with an explicit precedence decision."
"/tools/benefits-change-detector","tool","everyone","Benefits Change Detector","Find workplace benefit changes that deserve attention, prepare verification questions, and create a private annual Benefits Change Receipt.","Route-specific page action","Route-specific destination","0","Route-specific page action","Route-specific destination","none","already_compliant_decision_tool","existing contract retained","none","Preserve typed result architecture; do not replace it with a generic CTA panel."
"/tools/benefits-command-center","tool","healthcare_workers","Page Not Found","The requested page could not be found.","Route-specific page action","Route-specific destination","0","Route-specific page action","Route-specific destination","none","already_compliant_decision_tool","existing contract retained","none","Preserve typed result architecture; do not replace it with a generic CTA panel."
"/tools/childcare-benefits-decision-guide","tool","everyone","Dependent Care FSA and Childcare Benefits Decision Guide","Coordinate a 2026 Dependent Care FSA, employer childcare help, predictable expenses, and federal tax-credit questions.","Route-specific page action","Route-specific destination","0","Route-specific page action","Route-specific destination","none","already_compliant","existing contract retained","none","Retain and regression-test the existing outcome language."
"/tools/debt-vs-retirement-router","tool","everyone","Debt vs Retirement Contribution Decision Router","Order emergency savings, employer match, high-cost debt, federal loan protections, and sustainable retirement progress.","Route-specific page action","Route-specific destination","0","Route-specific page action","Route-specific destination","none","already_compliant","existing contract retained","none","Retain and regression-test the existing outcome language."
"/tools/employer-benefits-action-plan","tool","healthcare_workers","Employer Benefits Action Plan","Combine employer retirement, health insurance, and HSA details into a prioritized, plain-English benefits action plan without connecting an HR portal.","2 independently rendered global endcaps","Multiple competing destinations","2","One governed benefits_workspace endcap","Owner-specific destination","benefits_workspace","changed","directional_cta_clicked or retained journey-specific event","single_global_endcap_owner","Keep a single route owner; re-add an endcap only with an explicit precedence decision."
"/tools/eob-to-bill-match-checker","tool","patients_caregivers","EOB to Medical Bill Match Checker","Compare a provider bill with an Explanation of Benefits to identify mismatched patient responsibility, allowed amounts, and insurer payments.","Route-specific page action","Route-specific destination","1","Route-specific page action","Route-specific destination","navigator","already_compliant_decision_tool","existing contract retained","none","Preserve typed result architecture; do not replace it with a generic CTA panel."
"/tools/financial-assistance-checklist","tool","patients_caregivers","Financial Assistance Checklist","Prepare the documents and questions for hospital charity care or financial assistance.","Open the tool","Same-page #tool anchor","0","Check assistance steps","Same-page #tool anchor","none","changed","directional_cta_clicked or retained journey-specific event","outcome_specific_tool_primary","Measure meaningful tool continuation and completion, not click volume alone."
"/tools/health-insurance-visit-cost-calculator","tool","everyone","Patient Cost Share Calculator","Estimate covered in-network patient responsibility using the plan's deductible, copay or coinsurance rule, allowed amount, and out-of-pocket progress.","Open the tool","Same-page #tool anchor","0","Estimate my visit cost","Same-page #tool anchor","none","changed","directional_cta_clicked or retained journey-specific event","outcome_specific_tool_primary","Measure meaningful tool continuation and completion, not click volume alone."
"/tools/healthcare-worker-benefits-blueprint","tool","healthcare_workers","Healthcare Worker Benefits Blueprint","Build a goal-first workplace benefits blueprint for retirement contributions, health-plan fit, HSA questions, coverage tier, and open enrollment.","2 independently rendered global endcaps","Multiple competing destinations","2","One governed benefits_workspace endcap","Owner-specific destination","benefits_workspace","changed","directional_cta_clicked or retained journey-specific event","single_global_endcap_owner","Keep a single route owner; re-add an endcap only with an explicit precedence decision."
"/tools/healthcare-worker-total-compensation-comparison","tool","healthcare_workers","Healthcare Worker Total Compensation Calculator","Compare two healthcare jobs using salary or hourly pay, overtime, shift differentials, employer benefits, insurance premiums, commuting costs, PTO, and effective hourly value.","2 independently rendered global endcaps","Multiple competing destinations","2","Compare the two offers","Same-page #comparison anchor","page","changed","directional_cta_clicked or retained journey-specific event","compensation_primary_and_handoff+single_global_endcap_owner","Keep a single route owner; re-add an endcap only with an explicit precedence decision."
"/tools/hospital-bill-review-checklist","tool","patients_caregivers","Hospital Bill Review Checklist","Organize the first review of a large, confusing, or surprising healthcare balance.","Open the tool","Same-page #tool anchor","0","Build my bill-review checklist","Same-page #tool anchor","none","changed","directional_cta_clicked or retained journey-specific event","outcome_specific_tool_primary","Measure meaningful tool continuation and completion, not click volume alone."
"/tools/hospital-cafe-savings-calculator","tool","healthcare_workers","Hospital Cafe Savings Rate Calculator","See what recurring shift spending adds up to and what redirecting part of it could become.","Open the tool","Same-page #tool anchor","0","Estimate my savings plan","Same-page #tool anchor","none","changed","directional_cta_clicked or retained journey-specific event","outcome_specific_tool_primary","Measure meaningful tool continuation and completion, not click volume alone."
"/tools/hospital-discharge-medicare-checklist","tool","patients_caregivers","Hospital Discharge Medicare Checklist","Use a step-by-step checklist to verify hospital status, rehab eligibility, authorization, networks, costs, and post-discharge coverage.","Route-specific page action","Route-specific destination","0","Route-specific page action","Route-specific destination","none","already_compliant_decision_tool","existing contract retained","none","Preserve typed result architecture; do not replace it with a generic CTA panel."
"/tools/hsa-vs-fsa-decision-helper","tool","everyone","HSA vs FSA Decision Helper","Compare tax savings, employer money, deductible risk, forfeiture risk, and provider needs.","Open the tool","Same-page #tool anchor","0","Compare HSA and FSA options","Same-page #tool anchor","none","changed","directional_cta_clicked or retained journey-specific event","outcome_specific_tool_primary","Measure meaningful tool continuation and completion, not click volume alone."
"/tools/medical-appointment-cost-preparation","tool","everyone","Medical Appointment Cost Preparation Tool","Prepare network, authorization, estimate, facility-fee, separate-bill, payment, and financial-assistance questions before planned care.","Route-specific page action","Route-specific destination","0","Route-specific page action","Route-specific destination","none","already_compliant","existing contract retained","none","Retain and regression-test the existing outcome language."
"/tools/medical-bill-review-flow","tool","patients_caregivers","Medical Bill Review Flow","Work through a confusing medical bill step by step using the EOB, itemized charges, network status, insurer processing, and financial assistance.","Route-specific page action","Route-specific destination","1","Route-specific page action","Route-specific destination","navigator","already_compliant_decision_tool","existing contract retained","none","Preserve typed result architecture; do not replace it with a generic CTA panel."
"/tools/medicare-advantage-plan-helper","tool","patients_caregivers","Medicare Advantage Plan Comparison Helper","Organize doctors, hospitals, prescriptions, networks, authorization rules, extra benefits, and maximum out-of-pocket exposure before comparing plans.","Route-specific page action","Route-specific destination","0","Route-specific page action","Route-specific destination","none","already_compliant","existing contract retained","none","Retain and regression-test the existing outcome language."
"/tools/medicare-cost-exposure-tool","tool","patients_caregivers","Medicare Cost Exposure Tool","Create a rough planning snapshot for premiums, deductibles, prescriptions, and coinsurance.","Open the tool","Same-page #tool anchor","0","Estimate Medicare costs","Same-page #tool anchor","none","changed","directional_cta_clicked or retained journey-specific event","outcome_specific_tool_primary","Measure meaningful tool continuation and completion, not click volume alone."
"/tools/medicare-medicaid-eligibility-check","tool","patients_caregivers","Medicare and Medicaid Eligibility Check","Check possible Medicare, Medicaid, Medicare Savings Program, dual-eligibility, disability, pregnancy, child, and long-term-care pathways, then verify with official agencies.","Route-specific page action","Route-specific destination","1","Route-specific page action","Route-specific destination","navigator","already_compliant_decision_tool","existing contract retained","none","Preserve typed result architecture; do not replace it with a generic CTA panel."
"/tools/medicare-plan-verification-checklist","tool","patients_caregivers","Medicare Plan Verification Checklist","Verify providers, prescriptions, prior authorization, costs, travel, supplemental benefits, annual changes, and enrollment timing.","Route-specific page action","Route-specific destination","0","Route-specific page action","Route-specific destination","none","already_compliant","existing contract retained","none","Retain and regression-test the existing outcome language."
"/tools/obbb-overtime-deduction-estimator","tool","healthcare_workers","OBBB Overtime Deduction Estimator","Estimate qualifying overtime premium, the deduction cap, and rough federal income-tax savings.","Open the tool","Same-page #tool anchor","0","Estimate my overtime deduction","Same-page #tool anchor","none","changed","directional_cta_clicked or retained journey-specific event","outcome_specific_tool_primary","Measure meaningful tool continuation and completion, not click volume alone."
"/tools/observation-vs-inpatient-status-guide","tool","everyone","Observation vs Inpatient Hospital Status Guide","Prepare the written-status, notice, coverage, skilled-care, discharge, and deadline questions to ask the hospital and payer.","Route-specific page action","Route-specific destination","0","Route-specific page action","Route-specific destination","none","already_compliant","existing contract retained","none","Retain and regression-test the existing outcome language."
"/tools/open-enrollment-final-checklist","tool","everyone","Open Enrollment Final Checklist","Run a final, printable review of health, tax account, disability, life, and supplemental elections.","Open the tool","Same-page #tool anchor","0","Build my enrollment checklist","Same-page #tool anchor","none","changed","directional_cta_clicked or retained journey-specific event","outcome_specific_tool_primary","Measure meaningful tool continuation and completion, not click volume alone."
"/tools/open-enrollment-paycheck-impact-calculator","tool","everyone","Open Enrollment Paycheck Impact Calculator","Estimate how pre-tax and after-tax benefit elections may change take-home pay.","Open the tool","Same-page #tool anchor","0","Estimate my paycheck impact","Same-page #tool anchor","none","changed","directional_cta_clicked or retained journey-specific event","outcome_specific_tool_primary","Measure meaningful tool continuation and completion, not click volume alone."
"/tools/open-enrollment-true-cost-calculator","tool","everyone","Open Enrollment True Cost Calculator","Compare health plans using premiums, expected care, employer contributions, deductible exposure, and worst-case annual cost.","Route-specific page action","Route-specific destination","1","Route-specific page action","Route-specific destination","benefits_workspace","already_compliant_decision_tool","existing contract retained","none","Preserve typed result architecture; do not replace it with a generic CTA panel."
"/tools/out-of-pocket-max-estimator","tool","everyone","Out-of-Pocket Maximum Estimator","Estimate remaining covered in-network cost-sharing exposure using deductible, copays, coinsurance, and current out-of-pocket progress.","Route-specific page action","Route-specific destination","0","Route-specific page action","Route-specific destination","none","already_compliant_decision_tool","existing contract retained","none","Preserve typed result architecture; do not replace it with a generic CTA panel."
"/tools/prior-authorization-next-step-guide","tool","patients_caregivers","Prior Authorization Next-Step Guide","Answer plain-English questions about a delayed, pending, or denied prior authorization and get a qualified action plan with provider questions, plan questions, documents, appeal checks, and official sources.","Route-specific page action","Route-specific destination","1","Route-specific page action","Route-specific destination","seo_pathway","already_compliant_decision_tool","existing contract retained","none","Preserve typed result architecture; do not replace it with a generic CTA panel."
"/tools/private-student-loan-payoff-calculator","tool","everyone","Private Student Loan Payoff Calculator","Compare a confirmed private-loan payoff plan with complete refinance-quote terms, total cost, fees, and safeguards.","Open the tool","Same-page #tool anchor","0","Compare payoff options","Same-page #tool anchor","none","changed","directional_cta_clicked or retained journey-specific event","outcome_specific_tool_primary","Measure meaningful tool continuation and completion, not click volume alone."
"/tools/pslf-progress-estimator","tool","healthcare_workers","PSLF Progress Estimator","Estimate payments remaining to 120 and identify the records that still need official verification.","Open the tool","Same-page #tool anchor","0","Check my PSLF progress","Same-page #tool anchor","none","changed","directional_cta_clicked or retained journey-specific event","outcome_specific_tool_primary","Measure meaningful tool continuation and completion, not click volume alone."
"/tools/roth-vs-traditional-decision-helper","tool","everyone","Roth vs Traditional Retirement Contribution Decision Helper","Compare current deduction value, possible future tax rates, pension income, cash flow, account mix, and retirement-access planning.","Route-specific page action","Route-specific destination","0","Route-specific page action","Route-specific destination","none","already_compliant","existing contract retained","none","Retain and regression-test the existing outcome language."
"/tools/state-medicaid-long-term-care-router","tool","patients_caregivers","State Medicaid and Long-Term Care Program Router","Find the official state starting point for Medicaid coverage, Medicare cost help, nursing-facility care, or home- and community-based services.","Route-specific page action","Route-specific destination","0","Route-specific page action","Route-specific destination","none","already_compliant","existing contract retained","none","Retain and regression-test the existing outcome language."
"/tools/student-loan-path-finder","tool","everyone","Student Loan Path Finder","Separate federal forgiveness paths from private-loan payoff decisions before choosing a strategy.","Open the tool","Same-page #tool anchor","0","Find my repayment path","Same-page #tool anchor","none","changed","directional_cta_clicked or retained journey-specific event","outcome_specific_tool_primary","Measure meaningful tool continuation and completion, not click volume alone."
"/tools/student-loan-payment-calculator","tool","everyone","Student Loan Payment Calculator","Estimate monthly payment, total paid, and interest over time for a balance, APR, and term.","Open the tool","Same-page #tool anchor","0","Estimate my loan payment","Same-page #tool anchor","none","changed","directional_cta_clicked or retained journey-specific event","outcome_specific_tool_primary","Measure meaningful tool continuation and completion, not click volume alone."
"/tools/supplemental-benefits-decision-helper","tool","everyone","Supplemental Benefits Decision Helper","Compare premiums and likely payout for accident, critical illness, and hospital indemnity coverage.","Open the tool","Same-page #tool anchor","0","Compare supplemental benefits","Same-page #tool anchor","none","changed","directional_cta_clicked or retained journey-specific event","outcome_specific_tool_primary","Measure meaningful tool continuation and completion, not click volume alone."
"/topics","hub_or_guide","everyone","Healthcare Finance Topic Guides","Explore organized topic guides for Medicare, Medicaid, workplace benefits, retirement accounts, health insurance, medical costs, and hospital economics.","Route-specific page action","Route-specific destination","0","Route-specific page action","Route-specific destination","none","already_compliant","existing contract retained","none","Retain and regression-test the existing outcome language."
"/topics/behavior-burnout","topic","everyone","Behavior & Burnout Guide","Money habits that happen after hard shifts — without shame or fake discipline advice.","Route-specific page action","Route-specific destination","0","Route-specific page action","Route-specific destination","none","already_compliant","existing contract retained","none","Retain and regression-test the existing outcome language."
"/topics/discounts-perks","topic","everyone","Healthcare Worker Discounts & Perks Guide","Use discounts as a tool, not as a shopping trigger.","Route-specific page action","Route-specific destination","0","Route-specific page action","Route-specific destination","none","already_compliant","existing contract retained","none","Retain and regression-test the existing outcome language."
"/topics/health-insurance","topic","patients_caregivers","Health Insurance Guide","Premium, deductible, copay, coinsurance, out-of-pocket max — translated into normal English.","Route-specific page action","Route-specific destination","0","Route-specific page action","Route-specific destination","none","already_compliant","existing contract retained","none","Retain and regression-test the existing outcome language."
"/topics/hospital-economics","topic","patients_caregivers","Hospital Economics Guide","Why hospitals make decisions that feel confusing from the bedside or the bill.","Route-specific page action","Route-specific destination","0","Route-specific page action","Route-specific destination","none","already_compliant","existing contract retained","none","Retain and regression-test the existing outcome language."
"/topics/medicare-medicaid","topic","patients_caregivers","Medicare & Medicaid Guide","A quick guide to what each program does, how Medicare's parts fit together, and where long-term care gaps can appear.","Route-specific page action","Route-specific destination","0","Route-specific page action","Route-specific destination","none","already_compliant","existing contract retained","none","Retain and regression-test the existing outcome language."
"/topics/patient-medical-costs","topic","everyone","Patient Medical Costs Guide","Hospital bills, EOBs, surprise charges — what's normal, what isn't, and what to ask.","Route-specific page action","Route-specific destination","0","Route-specific page action","Route-specific destination","none","already_compliant","existing contract retained","none","Retain and regression-test the existing outcome language."
"/topics/retirement-accounts","topic","everyone","Retirement Accounts Guide","403(b), 401(a), 457(b), Roth vs Traditional — the workplace retirement vocabulary in plain English.","Route-specific page action","Route-specific destination","0","Route-specific page action","Route-specific destination","none","already_compliant","existing contract retained","none","Retain and regression-test the existing outcome language."
"/topics/workplace-benefits","topic","everyone","Healthcare Worker Benefits Hub Guide","Move from match and paycheck decisions to health-plan math, HSA or FSA choices, disability coverage, life insurance, and beneficiaries in one connected path.","Route-specific page action","Route-specific destination","0","Route-specific page action","Route-specific destination","none","already_compliant","existing contract retained","none","Retain and regression-test the existing outcome language."
